{
  "average_local_error": 0.15429655920105026,
  "class_aware_continuity": 0.9721589478882888,
  "continuity": 0.9721589478882888,
  "jaccard": 0.09764823879823875,
  "mrre_data": 0.05123409566952944,
  "mrre_proj": 0.022647319858006228,
  "neighborhood_hit": 1.0,
  "false_neighbors": 0.8374761904761909,
  "true_neighbors": 0.16252380952380932,
  "procrustes": 0.9975619316101074,
  "class_aware_trustworthiness": 1.0,
  "trustworthiness": 0.9488978795265178,
  "distance_consistency": 1.0,
  "pearson_correlation": 0.7591808355735512,
  "shepard_goodness": 0.5862902402877808,
  "normalized_stress": 0.18719112274785257,
  "scale_normalized_stress": 0.1026794665735599
}