{
  "average_local_error": 0.10295099965615376,
  "class_aware_continuity": 0.9874683110654333,
  "continuity": 0.985097636176773,
  "jaccard": 0.5556070966070966,
  "mrre_data": 0.025325672672843125,
  "mrre_proj": 0.019628865805998607,
  "neighborhood_hit": 0.9485714285714287,
  "false_neighbors": 0.30571428571428566,
  "true_neighbors": 0.6942857142857142,
  "procrustes": 0.9983139038085938,
  "class_aware_trustworthiness": 0.9987050359712231,
  "trustworthiness": 0.9822747516272697,
  "distance_consistency": 0.92,
  "pearson_correlation": 0.96341275001749,
  "shepard_goodness": 0.9663381576538086,
  "normalized_stress": 6.864465429898916,
  "scale_normalized_stress": 0.030027914837727775
}