{
  "average_local_error": 0.33066559315119887,
  "class_aware_continuity": 0.9385839074535408,
  "continuity": 0.9242360278326603,
  "jaccard": 0.020117824397824398,
  "mrre_data": 0.2704600318848044,
  "mrre_proj": 0.06869822372633111,
  "neighborhood_hit": 0.3641428571428573,
  "false_neighbors": 0.9646571428571429,
  "true_neighbors": 0.03534285714285715,
  "procrustes": 0.8925908207893372,
  "class_aware_trustworthiness": 0.7703594307476448,
  "trustworthiness": 0.7288877358760703,
  "distance_consistency": 0.4148,
  "pearson_correlation": 0.5154427955873463,
  "shepard_goodness": 0.48649734258651733,
  "normalized_stress": 0.4237543661911763,
  "scale_normalized_stress": 0.16639205733902157
}