{
  "average_local_error": 1.6151618419009075e-05,
  "class_aware_continuity": 0.9999327188319991,
  "continuity": 0.9999038840457127,
  "jaccard": 0.976123595505618,
  "mrre_data": 0.001436477012712639,
  "mrre_proj": 0.0012861400755125884,
  "neighborhood_hit": 0.6725521669341894,
  "false_neighbors": 0.01364365971107544,
  "true_neighbors": 0.9863563402889246,
  "procrustes": 0.9277897477149963,
  "class_aware_trustworthiness": 0.9999375246297131,
  "trustworthiness": 0.9998894666525696,
  "distance_consistency": 0.7247191011235955,
  "pearson_correlation": 0.9999990538667187,
  "shepard_goodness": 0.9999977946281433,
  "normalized_stress": 9.122516542252054e-07,
  "scale_normalized_stress": 9.048595082080802e-07
}