{
  "average_local_error": 0.2801094671879529,
  "class_aware_continuity": 0.9957507579254843,
  "continuity": 0.9952288264550864,
  "jaccard": 0.5427644021668627,
  "mrre_data": 0.007141001856083032,
  "mrre_proj": 0.005823141455193681,
  "neighborhood_hit": 0.9015817223198594,
  "false_neighbors": 0.31684659804167714,
  "true_neighbors": 0.683153401958323,
  "procrustes": 0.9702476859092712,
  "class_aware_trustworthiness": 0.999233750608545,
  "trustworthiness": 0.9947446900222001,
  "distance_consistency": 0.8769771528998243,
  "pearson_correlation": 0.6139418709292728,
  "shepard_goodness": 0.7669432759284973,
  "normalized_stress": 0.9801181128107925,
  "scale_normalized_stress": 0.2995919875510449
}