{
  "average_local_error": 0.0001271811525164134,
  "class_aware_continuity": 0.9994753688840659,
  "continuity": 0.9994258753825624,
  "jaccard": 0.7832410218174719,
  "mrre_data": 0.0029556925382089134,
  "mrre_proj": 0.0019259902075077105,
  "neighborhood_hit": 0.9020838563896559,
  "false_neighbors": 0.13532513181019332,
  "true_neighbors": 0.8646748681898069,
  "procrustes": 0.9643076062202454,
  "class_aware_trustworthiness": 0.9998569187865634,
  "trustworthiness": 0.9987806600993289,
  "distance_consistency": 0.8910369068541301,
  "pearson_correlation": 0.9999910589479473,
  "shepard_goodness": 0.999965250492096,
  "normalized_stress": 1.020501115263186e-05,
  "scale_normalized_stress": 9.421602651827935e-06
}