{
  "average_local_error": 0.2598642278882075,
  "class_aware_continuity": 0.9962562835805117,
  "continuity": 0.9946703703347719,
  "jaccard": 0.6817812961071388,
  "mrre_data": 0.011518828609294476,
  "mrre_proj": 0.010598115162908008,
  "neighborhood_hit": 0.6621187800963082,
  "false_neighbors": 0.20304975922953453,
  "true_neighbors": 0.7969502407704655,
  "procrustes": 0.9940893054008484,
  "class_aware_trustworthiness": 0.9972174431233841,
  "trustworthiness": 0.9940167818456185,
  "distance_consistency": 0.7247191011235955,
  "pearson_correlation": 0.6403890210568336,
  "shepard_goodness": 0.6880320906639099,
  "normalized_stress": 0.9575209202369522,
  "scale_normalized_stress": 0.22316498454836348
}