{
  "average_local_error": 0.07607641078511178,
  "class_aware_continuity": 0.9956539533846325,
  "continuity": 0.995456817855948,
  "jaccard": 0.23242970732970739,
  "mrre_data": 0.01815284632795344,
  "mrre_proj": 0.003899210422549055,
  "neighborhood_hit": 0.9794285714285714,
  "false_neighbors": 0.6465238095238091,
  "true_neighbors": 0.35347619047619067,
  "procrustes": 0.993743896484375,
  "class_aware_trustworthiness": 0.9973401679172842,
  "trustworthiness": 0.980786550685848,
  "distance_consistency": 0.857,
  "pearson_correlation": 0.8539315788391308,
  "shepard_goodness": 0.8501279950141907,
  "normalized_stress": 0.06756428473996828,
  "scale_normalized_stress": 0.05154346693698854
}