{
  "average_local_error": 0.17906731820551566,
  "class_aware_continuity": 0.9989296786630351,
  "continuity": 0.9988804505408728,
  "jaccard": 0.6400064361564367,
  "mrre_data": 0.000641295514787679,
  "mrre_proj": 0.0010823289781045093,
  "neighborhood_hit": 0.9754761904761905,
  "false_neighbors": 0.23733333333333337,
  "true_neighbors": 0.7626666666666667,
  "procrustes": 0.9940076470375061,
  "class_aware_trustworthiness": 0.999981615128487,
  "trustworthiness": 0.9995953735124034,
  "distance_consistency": 0.9486666666666667,
  "pearson_correlation": 0.4038732360591385,
  "shepard_goodness": 0.34711146354675293,
  "normalized_stress": 0.21926953246702693,
  "scale_normalized_stress": 0.1919142027693735
}