{
  "average_local_error": 0.2389509578034449,
  "class_aware_continuity": 0.9933937781974918,
  "continuity": 0.9887324872761593,
  "jaccard": 0.3198893606239183,
  "mrre_data": 0.011748952025266353,
  "mrre_proj": 0.008918576501352391,
  "neighborhood_hit": 0.9803640988949838,
  "false_neighbors": 0.5443993958184276,
  "true_neighbors": 0.45560060418157244,
  "procrustes": 0.9936708211898804,
  "class_aware_trustworthiness": 0.9991634059752442,
  "trustworthiness": 0.9887482888658793,
  "distance_consistency": 0.8842515303283249,
  "pearson_correlation": 0.43135421573964655,
  "shepard_goodness": 0.35019391775131226,
  "normalized_stress": 0.596356679686503,
  "scale_normalized_stress": 0.1820532777629544
}