{
  "average_local_error": 0.17192397351635355,
  "class_aware_continuity": 0.9987779214249803,
  "continuity": 0.9987779214249803,
  "jaccard": 0.5632927544677547,
  "mrre_data": 0.0018153046945783861,
  "mrre_proj": 0.0015104405512769365,
  "neighborhood_hit": 1.0,
  "false_neighbors": 0.30042857142857127,
  "true_neighbors": 0.6995714285714281,
  "procrustes": 0.9916249513626099,
  "class_aware_trustworthiness": 1.0,
  "trustworthiness": 0.9985921855921857,
  "distance_consistency": 1.0,
  "pearson_correlation": 0.47095051606282423,
  "shepard_goodness": 0.49118179082870483,
  "normalized_stress": 98.83168373582119,
  "scale_normalized_stress": 0.21887353665744533
}