{
  "average_local_error": 0.03524579728288146,
  "class_aware_continuity": 0.9928867115933027,
  "continuity": 0.992407908362408,
  "jaccard": 0.09126891996891989,
  "mrre_data": 0.07597490483697804,
  "mrre_proj": 0.0064634867559579,
  "neighborhood_hit": 0.9532380952380952,
  "false_neighbors": 0.843380952380953,
  "true_neighbors": 0.1566190476190474,
  "procrustes": 0.9688891768455505,
  "class_aware_trustworthiness": 0.996212939508356,
  "trustworthiness": 0.9246774203826731,
  "distance_consistency": 0.9646666666666667,
  "pearson_correlation": 0.9695932164554655,
  "shepard_goodness": 0.9659659266471863,
  "normalized_stress": 0.019373575226846254,
  "scale_normalized_stress": 0.016429957110068373
}